{"timestamp":"2025-12-08T00:37:02.2694189+09:00","PcName":"DESKTOP-VRHMLOK","Status":"Unity 미실행","UnityRunning":false,"IdleMinutes":0,"FocusLevel":0.3,"ActiveWindow":"Unity Monitoring GUI","Events":[],"CpuUsage":2.28,"MemoryUsage":24.14,"UnityCpuUsage":0.0,"UnityMemoryUsage":0.0,"TodayWorkMinutes":0}
{"timestamp":"2025-12-08T00:37:05.2778725+09:00","PcName":"DESKTOP-VRHMLOK","Status":"Unity 미실행","UnityRunning":false,"IdleMinutes":0,"FocusLevel":0.3,"ActiveWindow":"Unity Monitoring GUI","Events":[],"CpuUsage":4.17,"MemoryUsage":24.17,"UnityCpuUsage":0.0,"UnityMemoryUsage":0.0,"TodayWorkMinutes":0}
{"timestamp":"2025-12-08T00:37:08.2939275+09:00","PcName":"DESKTOP-VRHMLOK","Status":"Unity 미실행","UnityRunning":false,"IdleMinutes":0,"FocusLevel":0.3,"ActiveWindow":"Client","Events":[],"CpuUsage":4.51,"MemoryUsage":24.19,"UnityCpuUsage":0.0,"UnityMemoryUsage":0.0,"TodayWorkMinutes":0}
{"timestamp":"2025-12-08T00:37:11.309032+09:00","PcName":"DESKTOP-VRHMLOK","Status":"Unity 미실행","UnityRunning":false,"IdleMinutes":0,"FocusLevel":0.3,"ActiveWindow":"Unity Monitoring Server (Localhost Only)","Events":[],"CpuUsage":3.84,"MemoryUsage":24.18,"UnityCpuUsage":0.0,"UnityMemoryUsage":0.0,"TodayWorkMinutes":0}
{"timestamp":"2025-12-08T00:37:14.3307833+09:00","PcName":"DESKTOP-VRHMLOK","Status":"Unity 미실행","UnityRunning":false,"IdleMinutes":0,"FocusLevel":0.3,"ActiveWindow":"화면 캡처","Events":[],"CpuUsage":5.0,"MemoryUsage":24.3,"UnityCpuUsage":0.0,"UnityMemoryUsage":0.0,"TodayWorkMinutes":0}
{"timestamp":"2025-12-08T00:37:17.3567563+09:00","PcName":"DESKTOP-VRHMLOK","Status":"Unity 미실행","UnityRunning":false,"IdleMinutes":0,"FocusLevel":0.3,"ActiveWindow":"화면 캡처","Events":[],"CpuUsage":2.85,"MemoryUsage":24.63,"UnityCpuUsage":0.0,"UnityMemoryUsage":0.0,"TodayWorkMinutes":0}
{"timestamp":"2025-12-08T00:37:20.3749336+09:00","PcName":"DESKTOP-VRHMLOK","Status":"Unity 미실행","UnityRunning":false,"IdleMinutes":0,"FocusLevel":0.3,"ActiveWindow":"화면 캡처","Events":[],"CpuUsage":4.29,"MemoryUsage":24.64,"UnityCpuUsage":0.0,"UnityMemoryUsage":0.0,"TodayWorkMinutes":0}
{"timestamp":"2025-12-08T00:37:23.394812+09:00","PcName":"DESKTOP-VRHMLOK","Status":"Unity 미실행","UnityRunning":false,"IdleMinutes":0,"FocusLevel":0.3,"ActiveWindow":"Editing UnityTool_TeamSentinel/README.md at main · wgowgo/UnityTool_TeamSentinel - Chrome","Events":[],"CpuUsage":5.31,"MemoryUsage":24.24,"UnityCpuUsage":0.0,"UnityMemoryUsage":0.0,"TodayWorkMinutes":0}
{"timestamp":"2025-12-08T00:37:26.4114382+09:00","PcName":"DESKTOP-VRHMLOK","Status":"Unity 미실행","UnityRunning":false,"IdleMinutes":0,"FocusLevel":0.3,"ActiveWindow":"Editing UnityTool_TeamSentinel/README.md at main · wgowgo/UnityTool_TeamSentinel - Chrome","Events":[],"CpuUsage":3.61,"MemoryUsage":24.24,"UnityCpuUsage":0.0,"UnityMemoryUsage":0.0,"TodayWorkMinutes":0}
{"timestamp":"2025-12-08T00:37:29.4273314+09:00","PcName":"DESKTOP-VRHMLOK","Status":"Unity 미실행","UnityRunning":false,"IdleMinutes":0,"FocusLevel":0.3,"ActiveWindow":"Unity Monitoring GUI","Events":[],"CpuUsage":3.11,"MemoryUsage":24.23,"UnityCpuUsage":0.0,"UnityMemoryUsage":0.0,"TodayWorkMinutes":0}
{"timestamp":"2025-12-08T00:37:32.4488891+09:00","PcName":"DESKTOP-VRHMLOK","Status":"Unity 미실행","UnityRunning":false,"IdleMinutes":0,"FocusLevel":0.3,"ActiveWindow":"화면 캡처","Events":[],"CpuUsage":4.21,"MemoryUsage":24.29,"UnityCpuUsage":0.0,"UnityMemoryUsage":0.0,"TodayWorkMinutes":0}
{"timestamp":"2025-12-08T00:37:35.4731101+09:00","PcName":"DESKTOP-VRHMLOK","Status":"Unity 미실행","UnityRunning":false,"IdleMinutes":0,"FocusLevel":0.3,"ActiveWindow":"화면 캡처","Events":[],"CpuUsage":2.96,"MemoryUsage":24.47,"UnityCpuUsage":0.0,"UnityMemoryUsage":0.0,"TodayWorkMinutes":0}
{"timestamp":"2025-12-08T00:37:38.4886307+09:00","PcName":"DESKTOP-VRHMLOK","Status":"Unity 미실행","UnityRunning":false,"IdleMinutes":0,"FocusLevel":0.3,"ActiveWindow":"Unity Monitoring GUI","Events":[],"CpuUsage":3.21,"MemoryUsage":24.24,"UnityCpuUsage":0.0,"UnityMemoryUsage":0.0,"TodayWorkMinutes":0}
{"timestamp":"2025-12-08T00:37:41.5030504+09:00","PcName":"DESKTOP-VRHMLOK","Status":"Unity 미실행","UnityRunning":false,"IdleMinutes":0,"FocusLevel":0.3,"ActiveWindow":"Editing UnityTool_TeamSentinel/README.md at main · wgowgo/UnityTool_TeamSentinel - Chrome","Events":[],"CpuUsage":4.7,"MemoryUsage":24.24,"UnityCpuUsage":0.0,"UnityMemoryUsage":0.0,"TodayWorkMinutes":0}
{"timestamp":"2025-12-08T00:37:44.5205693+09:00","PcName":"DESKTOP-VRHMLOK","Status":"Unity 미실행","UnityRunning":false,"IdleMinutes":0,"FocusLevel":0.3,"ActiveWindow":"Editing UnityTool_TeamSentinel/README.md at main · wgowgo/UnityTool_TeamSentinel - Chrome","Events":[],"CpuUsage":3.96,"MemoryUsage":24.29,"UnityCpuUsage":0.0,"UnityMemoryUsage":0.0,"TodayWorkMinutes":0}
{"timestamp":"2025-12-08T00:37:47.535538+09:00","PcName":"DESKTOP-VRHMLOK","Status":"Unity 미실행","UnityRunning":false,"IdleMinutes":0,"FocusLevel":0.3,"ActiveWindow":"Editing UnityTool_TeamSentinel/README.md at main · wgowgo/UnityTool_TeamSentinel - Chrome","Events":[],"CpuUsage":3.26,"MemoryUsage":24.25,"UnityCpuUsage":0.0,"UnityMemoryUsage":0.0,"TodayWorkMinutes":0}
{"timestamp":"2025-12-08T00:37:50.5514719+09:00","PcName":"DESKTOP-VRHMLOK","Status":"Unity 미실행","UnityRunning":false,"IdleMinutes":0,"FocusLevel":0.3,"ActiveWindow":"Editing UnityTool_TeamSentinel/README.md at main · wgowgo/UnityTool_TeamSentinel - Chrome","Events":[],"CpuUsage":3.5,"MemoryUsage":24.26,"UnityCpuUsage":0.0,"UnityMemoryUsage":0.0,"TodayWorkMinutes":0}
{"timestamp":"2025-12-08T00:37:53.5664187+09:00","PcName":"DESKTOP-VRHMLOK","Status":"Unity 미실행","UnityRunning":false,"IdleMinutes":0,"FocusLevel":0.3,"ActiveWindow":"Editing UnityTool_TeamSentinel/README.md at main · wgowgo/UnityTool_TeamSentinel - Chrome","Events":[],"CpuUsage":3.88,"MemoryUsage":24.25,"UnityCpuUsage":0.0,"UnityMemoryUsage":0.0,"TodayWorkMinutes":0}
{"timestamp":"2025-12-08T00:37:56.5802789+09:00","PcName":"DESKTOP-VRHMLOK","Status":"Unity 미실행","UnityRunning":false,"IdleMinutes":0,"FocusLevel":0.3,"ActiveWindow":"UnityTool_TeamSentinel/README.md at main · wgowgo/UnityTool_TeamSentinel - Chrome","Events":[],"CpuUsage":3.75,"MemoryUsage":24.27,"UnityCpuUsage":0.0,"UnityMemoryUsage":0.0,"TodayWorkMinutes":0}
{"timestamp":"2025-12-08T00:37:59.594218+09:00","PcName":"DESKTOP-VRHMLOK","Status":"Unity 미실행","UnityRunning":false,"IdleMinutes":0,"FocusLevel":0.3,"ActiveWindow":"UnityTool_TeamSentinel/README.md at main · wgowgo/UnityTool_TeamSentinel - Chrome","Events":[],"CpuUsage":4.45,"MemoryUsage":24.25,"UnityCpuUsage":0.0,"UnityMemoryUsage":0.0,"TodayWorkMinutes":0}
